timestamp,price,coin_id,symbol
2025-09-29 22:02:21.536,114228.4460751732,bitcoin,BTC
2025-09-29 23:02:06.322,114199.64361291657,bitcoin,BTC
2025-09-30 00:01:15.755,114309.15041119447,bitcoin,BTC
2025-09-30 01:01:54.468,114591.64075168502,bitcoin,BTC
2025-09-30 02:01:58.221,114354.80102507943,bitcoin,BTC
2025-09-30 03:02:18.454,114470.31365250966,bitcoin,BTC
2025-09-30 04:01:47.388,114387.96352880343,bitcoin,BTC
2025-09-30 05:01:30.384,114125.99066435872,bitcoin,BTC
2025-09-30 06:02:17.043,113900.5151481005,bitcoin,BTC
2025-09-30 07:02:12.795,114005.75472972944,bitcoin,BTC
2025-09-30 08:01:25.874,113743.3326373963,bitcoin,BTC
2025-09-30 09:01:44.901,113486.80547713279,bitcoin,BTC
2025-09-30 10:02:32.043,112890.22100983586,bitcoin,BTC
2025-09-30 11:02:16.030,113034.88754235029,bitcoin,BTC
2025-09-30 12:01:22.003,113090.666325633,bitcoin,BTC
2025-09-30 13:02:09.316,113153.91895283562,bitcoin,BTC
2025-09-30 14:02:15.094,113286.25046418571,bitcoin,BTC
2025-09-30 15:02:22.020,113560.19793834805,bitcoin,BTC
2025-09-30 16:02:26.209,113103.90379580077,bitcoin,BTC
2025-09-30 17:01:29.261,112843.61303366242,bitcoin,BTC
2025-09-30 18:02:02.079,113343.47542896615,bitcoin,BTC
2025-09-30 19:02:18.018,113644.47187342969,bitcoin,BTC
2025-09-30 20:02:25.069,114491.9103392663,bitcoin,BTC
2025-09-30 21:02:37.088,114618.57914948085,bitcoin,BTC
2025-09-30 22:02:01.276,114360.38237831357,bitcoin,BTC
2025-09-30 23:00:42.176,113941.29371405822,bitcoin,BTC
2025-10-01 00:01:51.573,114024.22783550054,bitcoin,BTC
2025-10-01 01:02:04.729,114117.90747650724,bitcoin,BTC
2025-10-01 02:02:18.394,114513.0525092975,bitcoin,BTC
2025-10-01 03:02:19.999,114279.18471033598,bitcoin,BTC
2025-10-01 04:01:25.765,114214.15362627294,bitcoin,BTC
2025-10-01 05:01:37.859,114305.53341495708,bitcoin,BTC
2025-10-01 06:01:51.704,114613.05189776568,bitcoin,BTC
2025-10-01 07:06:48.664,114388.4661783791,bitcoin,BTC
2025-10-01 08:01:18.767,114527.88667529637,bitcoin,BTC
2025-10-01 09:01:41.225,116080.7836680288,bitcoin,BTC
2025-10-01 10:01:36.523,116448.6876962004,bitcoin,BTC
2025-10-01 11:00:22.014,116288.18164831583,bitcoin,BTC
2025-10-01 12:02:08.411,116644.28137114798,bitcoin,BTC
2025-10-01 13:01:25.243,116435.39338097989,bitcoin,BTC
2025-10-01 14:02:22.580,116770.62662304673,bitcoin,BTC
2025-10-01 15:02:22.512,117251.21265370194,bitcoin,BTC
2025-10-01 16:01:41.994,117484.31421351855,bitcoin,BTC
2025-10-01 17:02:51.506,117704.3790559691,bitcoin,BTC
2025-10-01 18:00:59.339,116868.50649297565,bitcoin,BTC
2025-10-01 19:01:35.919,117273.63376390918,bitcoin,BTC
2025-10-01 20:02:26.654,117481.28760147937,bitcoin,BTC
2025-10-01 21:06:17.876,117594.1568081039,bitcoin,BTC
2025-10-01 22:01:18.686,117491.0350655874,bitcoin,BTC
2025-10-01 23:02:10.696,117890.1276507497,bitcoin,BTC
2025-10-02 00:02:24.809,118503.24451752483,bitcoin,BTC
2025-10-02 01:02:38.889,118580.43667265555,bitcoin,BTC
2025-10-02 02:01:51.015,118792.11274433398,bitcoin,BTC
2025-10-02 03:03:06.616,118751.36338036042,bitcoin,BTC
2025-10-02 04:01:35.277,118774.17030297645,bitcoin,BTC
2025-10-02 05:02:02.085,118637.56780342005,bitcoin,BTC
2025-10-02 06:02:14.057,118386.89339564343,bitcoin,BTC
2025-10-02 07:02:22.312,118617.56865852905,bitcoin,BTC
2025-10-02 08:01:23.788,118544.2524595524,bitcoin,BTC
2025-10-02 09:02:20.931,118682.5766234885,bitcoin,BTC
2025-10-02 10:06:38.898,118932.97701945083,bitcoin,BTC
2025-10-02 11:02:37.646,118688.64326239079,bitcoin,BTC
2025-10-02 12:02:23.784,118870.58017736283,bitcoin,BTC
2025-10-02 13:02:14.331,119384.33350967319,bitcoin,BTC
2025-10-02 14:06:25.647,119593.0357894061,bitcoin,BTC
2025-10-02 15:06:16.054,118835.15046113516,bitcoin,BTC
2025-10-02 16:02:44.000,119947.5083644721,bitcoin,BTC
2025-10-02 17:03:05.441,119926.44247377582,bitcoin,BTC
2025-10-02 18:01:55.663,119971.9710835904,bitcoin,BTC
2025-10-02 19:00:35.657,120590.64786304125,bitcoin,BTC
2025-10-02 20:01:54.064,120806.93107659295,bitcoin,BTC
2025-10-02 21:02:18.021,120523.88980735927,bitcoin,BTC
2025-10-02 22:01:46.747,120200.57372246339,bitcoin,BTC
2025-10-02 23:02:14.294,120165.1470230456,bitcoin,BTC
2025-10-03 00:01:40.573,120514.57785586915,bitcoin,BTC
2025-10-03 01:06:02.120,120228.71817376939,bitcoin,BTC
2025-10-03 02:06:30.159,120015.14101780736,bitcoin,BTC
2025-10-03 03:02:01.597,120178.15640597939,bitcoin,BTC
2025-10-03 04:02:03.940,120366.33328893849,bitcoin,BTC
2025-10-03 05:02:23.326,120123.65922741519,bitcoin,BTC
2025-10-03 06:01:36.822,119975.42358661075,bitcoin,BTC
2025-10-03 07:01:25.645,119908.35993195747,bitcoin,BTC
2025-10-03 08:02:11.193,119735.66557820702,bitcoin,BTC
2025-10-03 09:02:27.778,120003.47766137778,bitcoin,BTC
2025-10-03 10:06:14.372,120370.71622395476,bitcoin,BTC
2025-10-03 11:02:14.745,120519.26842007492,bitcoin,BTC
2025-10-03 12:01:29.814,120409.86985481453,bitcoin,BTC
2025-10-03 13:01:29.239,120431.4212506921,bitcoin,BTC
2025-10-03 14:01:34.498,120424.92956448485,bitcoin,BTC
2025-10-03 15:00:48.049,120967.76635079077,bitcoin,BTC
2025-10-03 16:01:19.410,122390.74175091466,bitcoin,BTC
2025-10-03 17:01:57.416,122985.9623505026,bitcoin,BTC
2025-10-03 18:01:12.265,122128.8501318505,bitcoin,BTC
2025-10-03 19:01:37.995,122492.96930341884,bitcoin,BTC
2025-10-03 20:01:57.157,122750.94855600919,bitcoin,BTC
2025-10-03 21:01:57.118,122618.9446192301,bitcoin,BTC
2025-10-03 22:01:47.551,122392.67322296939,bitcoin,BTC
2025-10-03 23:01:54.069,122537.99384944742,bitcoin,BTC
2025-10-04 00:05:40.641,122294.92441742845,bitcoin,BTC
2025-10-04 01:05:58.915,122150.06126606805,bitcoin,BTC
2025-10-04 02:06:06.715,121952.44167267253,bitcoin,BTC
2025-10-04 03:02:20.966,121935.8168750585,bitcoin,BTC
2025-10-04 04:01:51.072,122291.0659143831,bitcoin,BTC
2025-10-04 05:01:43.538,122552.33231600233,bitcoin,BTC
2025-10-04 06:01:54.300,122646.32935293744,bitcoin,BTC
2025-10-04 07:02:10.790,122495.61278836025,bitcoin,BTC
2025-10-04 08:01:58.665,122321.67735182184,bitcoin,BTC
2025-10-04 09:01:32.347,122319.37588886406,bitcoin,BTC
2025-10-04 10:02:51.005,122267.9496898834,bitcoin,BTC
2025-10-04 11:01:48.809,122171.64688781092,bitcoin,BTC
2025-10-04 12:00:50.253,122065.46823584184,bitcoin,BTC
2025-10-04 13:02:30.397,122052.9660081154,bitcoin,BTC
2025-10-04 14:01:27.128,122437.93397095859,bitcoin,BTC
2025-10-04 15:00:06.224,122091.77008661162,bitcoin,BTC
2025-10-04 16:02:24.946,121883.35577101377,bitcoin,BTC
2025-10-04 17:01:55.892,121711.89858403725,bitcoin,BTC
2025-10-04 18:02:30.056,121743.66619345409,bitcoin,BTC
2025-10-04 19:02:26.584,121583.68696992841,bitcoin,BTC
2025-10-04 20:01:19.612,121968.72052188081,bitcoin,BTC
2025-10-04 21:02:04.831,121981.7879129011,bitcoin,BTC
2025-10-04 22:02:01.545,122229.25362775213,bitcoin,BTC
2025-10-04 23:01:59.170,122317.15720363855,bitcoin,BTC
2025-10-05 00:01:39.347,122428.89063350529,bitcoin,BTC
2025-10-05 01:01:41.291,122199.16741250416,bitcoin,BTC
2025-10-05 02:01:52.572,122410.86713173108,bitcoin,BTC
2025-10-05 03:01:42.778,124081.65218399749,bitcoin,BTC
2025-10-05 04:00:17.917,123864.54977449554,bitcoin,BTC
2025-10-05 05:02:34.157,125360.89741769346,bitcoin,BTC
2025-10-05 06:01:25.307,125108.59532167426,bitcoin,BTC
2025-10-05 07:01:20.881,125009.65624665703,bitcoin,BTC
2025-10-05 08:01:28.313,124763.28494640093,bitcoin,BTC
2025-10-05 09:01:36.702,124606.87490812004,bitcoin,BTC
2025-10-05 10:01:48.997,123148.92722406694,bitcoin,BTC
2025-10-05 11:01:08.974,123032.59682670924,bitcoin,BTC
2025-10-05 12:02:01.725,123486.10683115444,bitcoin,BTC
2025-10-05 13:01:55.949,123186.39058415455,bitcoin,BTC
2025-10-05 14:02:03.215,123146.53653887067,bitcoin,BTC
2025-10-05 15:01:08.499,123045.57811134712,bitcoin,BTC
2025-10-05 16:02:12.083,122820.55381383385,bitcoin,BTC
2025-10-05 17:02:05.428,123029.81103351283,bitcoin,BTC
2025-10-05 18:03:21.554,123111.74450333769,bitcoin,BTC
2025-10-05 19:01:18.451,123013.9043884999,bitcoin,BTC
2025-10-05 20:01:56.743,122604.86493111377,bitcoin,BTC
2025-10-05 21:02:21.816,122901.39122672529,bitcoin,BTC
2025-10-05 22:01:20.424,122788.69082187871,bitcoin,BTC
2025-10-05 23:01:45.048,123160.19781642949,bitcoin,BTC
2025-10-06 00:02:02.352,123506.18520027678,bitcoin,BTC
2025-10-06 01:00:34.310,123382.85158826497,bitcoin,BTC
2025-10-06 02:02:10.306,124035.45055260476,bitcoin,BTC
2025-10-06 03:00:51.803,124061.61792418701,bitcoin,BTC
2025-10-06 04:02:12.225,123952.57811836105,bitcoin,BTC
2025-10-06 05:06:12.331,123526.92406197298,bitcoin,BTC
2025-10-06 06:01:06.250,123620.88419469338,bitcoin,BTC
2025-10-06 07:02:16.211,123915.26327021542,bitcoin,BTC
2025-10-06 08:02:02.894,123377.11931871786,bitcoin,BTC
2025-10-06 09:02:24.407,123864.61055726717,bitcoin,BTC
2025-10-06 10:02:21.835,124007.44666647304,bitcoin,BTC
2025-10-06 11:02:41.108,124117.24691063132,bitcoin,BTC
2025-10-06 12:02:27.845,124256.788344884,bitcoin,BTC
2025-10-06 13:02:06.351,124555.90769697061,bitcoin,BTC
2025-10-06 14:01:59.306,124717.7784896696,bitcoin,BTC
2025-10-06 15:06:34.404,124579.36634572686,bitcoin,BTC
2025-10-06 16:00:53.185,125194.70107404342,bitcoin,BTC
2025-10-06 17:02:28.643,125294.91490179634,bitcoin,BTC
2025-10-06 18:02:38.402,125465.7344354104,bitcoin,BTC
2025-10-06 19:02:09.334,126079.88702928118,bitcoin,BTC
2025-10-06 20:06:13.414,125375.20071876704,bitcoin,BTC
2025-10-06 21:02:43.163,125252.37803951433,bitcoin,BTC
2025-10-06 21:30:10.000,124901.211481173,bitcoin,BTC
2025-09-29 22:01:28.682,4226.026708558828,ethereum,ETH
2025-09-29 23:02:06.397,4221.175571869951,ethereum,ETH
2025-09-30 00:02:01.650,4215.61278947927,ethereum,ETH
2025-09-30 01:01:54.772,4214.4898591178135,ethereum,ETH
2025-09-30 02:01:30.242,4203.439532201721,ethereum,ETH
2025-09-30 03:02:18.836,4202.21783686325,ethereum,ETH
2025-09-30 04:01:42.751,4201.389901507942,ethereum,ETH
2025-09-30 05:01:42.151,4190.400124736838,ethereum,ETH
2025-09-30 06:02:02.121,4183.462581827172,ethereum,ETH
2025-09-30 07:02:12.732,4194.916356581419,ethereum,ETH
2025-09-30 08:01:18.217,4182.720709203248,ethereum,ETH
2025-09-30 09:02:19.397,4170.820816389349,ethereum,ETH
2025-09-30 10:02:32.296,4146.639696355095,ethereum,ETH
2025-09-30 11:02:06.272,4164.243774141984,ethereum,ETH
2025-09-30 12:02:27.896,4166.68719817199,ethereum,ETH
2025-09-30 13:02:08.225,4163.915670355633,ethereum,ETH
2025-09-30 14:02:15.135,4147.921836623713,ethereum,ETH
2025-09-30 15:02:22.060,4146.382765713892,ethereum,ETH
2025-09-30 16:02:24.371,4117.540237257165,ethereum,ETH
2025-09-30 17:02:23.283,4095.6424493686645,ethereum,ETH
2025-09-30 18:02:15.420,4102.220351934007,ethereum,ETH
2025-09-30 19:02:12.455,4112.680226142686,ethereum,ETH
2025-09-30 20:02:29.073,4161.992178682155,ethereum,ETH
2025-09-30 21:01:17.084,4195.184837658068,ethereum,ETH
2025-09-30 22:02:01.596,4172.950799439299,ethereum,ETH
2025-09-30 23:00:43.107,4139.665295683352,ethereum,ETH
2025-10-01 00:02:17.983,4144.230463371581,ethereum,ETH
2025-10-01 01:02:05.054,4145.196782998047,ethereum,ETH
2025-10-01 02:02:17.095,4173.327921681168,ethereum,ETH
2025-10-01 03:02:21.453,4152.708402472404,ethereum,ETH
2025-10-01 04:01:58.728,4131.46669900828,ethereum,ETH
2025-10-01 05:01:43.112,4141.368104749081,ethereum,ETH
2025-10-01 06:01:52.923,4149.196397906403,ethereum,ETH
2025-10-01 07:06:50.113,4133.046505077909,ethereum,ETH
2025-10-01 08:02:18.917,4143.236829591514,ethereum,ETH
2025-10-01 09:01:42.759,4280.93914671313,ethereum,ETH
2025-10-01 10:02:22.177,4315.7435938530925,ethereum,ETH
2025-10-01 11:00:22.683,4283.506964772856,ethereum,ETH
2025-10-01 12:02:04.935,4298.157715289855,ethereum,ETH
2025-10-01 13:01:27.512,4284.313082023931,ethereum,ETH
2025-10-01 14:02:24.094,4296.705443083519,ethereum,ETH
2025-10-01 15:02:12.463,4327.457083095932,ethereum,ETH
2025-10-01 16:01:43.609,4329.617794720678,ethereum,ETH
2025-10-01 17:02:51.625,4328.646826567984,ethereum,ETH
2025-10-01 18:01:55.254,4298.473379168452,ethereum,ETH
2025-10-01 19:01:57.447,4316.556617400494,ethereum,ETH
2025-10-01 20:02:27.069,4336.167965159675,ethereum,ETH
2025-10-01 21:06:17.914,4333.428091487828,ethereum,ETH
2025-10-01 22:00:16.084,4305.327551235347,ethereum,ETH
2025-10-01 23:02:10.612,4314.950614769224,ethereum,ETH
2025-10-02 00:02:21.270,4343.951983440489,ethereum,ETH
2025-10-02 01:02:39.391,4337.25592446607,ethereum,ETH
2025-10-02 02:02:06.441,4395.542617119054,ethereum,ETH
2025-10-02 03:03:10.753,4388.868935277075,ethereum,ETH
2025-10-02 04:02:18.595,4378.545748719256,ethereum,ETH
2025-10-02 05:02:02.613,4373.618471180571,ethereum,ETH
2025-10-02 06:02:22.258,4386.806965084262,ethereum,ETH
2025-10-02 07:02:22.573,4399.35177392002,ethereum,ETH
2025-10-02 08:01:21.396,4378.0166220059455,ethereum,ETH
2025-10-02 09:02:25.097,4388.435577207938,ethereum,ETH
2025-10-02 10:06:39.289,4395.37619564565,ethereum,ETH
2025-10-02 11:02:36.501,4383.797689057679,ethereum,ETH
2025-10-02 12:02:24.103,4388.39505342239,ethereum,ETH
2025-10-02 13:01:53.690,4395.49454102132,ethereum,ETH
2025-10-02 14:06:24.828,4418.4386951975075,ethereum,ETH
2025-10-02 15:06:13.766,4371.9142992238885,ethereum,ETH
2025-10-02 16:02:23.164,4434.303922683666,ethereum,ETH
2025-10-02 17:03:05.489,4451.707123789688,ethereum,ETH
2025-10-02 18:01:56.258,4470.674370831132,ethereum,ETH
2025-10-02 19:00:39.168,4491.321597110662,ethereum,ETH
2025-10-02 20:01:51.213,4493.9863117281575,ethereum,ETH
2025-10-02 21:02:22.439,4486.041624940691,ethereum,ETH
2025-10-02 22:01:45.330,4473.065593380795,ethereum,ETH
2025-10-02 23:02:08.753,4463.221502926219,ethereum,ETH
2025-10-03 00:01:40.637,4484.180377056455,ethereum,ETH
2025-10-03 01:06:02.150,4473.54425315063,ethereum,ETH
2025-10-03 02:06:30.451,4476.408131989552,ethereum,ETH
2025-10-03 03:01:57.763,4505.394120877815,ethereum,ETH
2025-10-03 04:02:04.038,4519.7404539093,ethereum,ETH
2025-10-03 05:00:31.560,4498.648394647083,ethereum,ETH
2025-10-03 06:01:13.490,4478.680849291883,ethereum,ETH
2025-10-03 07:01:46.068,4469.332530572075,ethereum,ETH
2025-10-03 08:02:12.737,4459.21703866304,ethereum,ETH
2025-10-03 09:02:26.310,4461.571232880246,ethereum,ETH
2025-10-03 10:06:14.892,4474.35700561268,ethereum,ETH
2025-10-03 11:01:53.518,4493.273404763514,ethereum,ETH
2025-10-03 12:01:10.587,4480.887790231675,ethereum,ETH
2025-10-03 13:01:08.254,4485.286526134902,ethereum,ETH
2025-10-03 14:01:34.700,4470.6003721482775,ethereum,ETH
2025-10-03 15:01:44.268,4487.375763820237,ethereum,ETH
2025-10-03 16:01:20.597,4541.6793874293535,ethereum,ETH
2025-10-03 17:01:50.542,4545.929204224453,ethereum,ETH
2025-10-03 18:01:12.274,4474.187293417978,ethereum,ETH
2025-10-03 19:01:41.122,4502.91754723962,ethereum,ETH
2025-10-03 20:01:35.709,4519.982849912403,ethereum,ETH
2025-10-03 21:01:52.872,4531.084506443705,ethereum,ETH
2025-10-03 22:02:03.649,4522.610870630338,ethereum,ETH
2025-10-03 23:01:53.294,4529.309578274553,ethereum,ETH
2025-10-04 00:04:33.538,4514.148616548543,ethereum,ETH
2025-10-04 01:06:04.775,4499.971557281439,ethereum,ETH
2025-10-04 02:04:17.484,4482.014338660584,ethereum,ETH
2025-10-04 03:01:26.114,4487.369295950363,ethereum,ETH
2025-10-04 04:01:47.302,4488.075078548636,ethereum,ETH
2025-10-04 05:02:10.275,4495.786050173466,ethereum,ETH
2025-10-04 06:01:49.797,4505.191136669921,ethereum,ETH
2025-10-04 07:02:08.326,4507.634311738713,ethereum,ETH
2025-10-04 08:01:56.446,4497.074398922009,ethereum,ETH
2025-10-04 09:01:51.872,4493.516113827746,ethereum,ETH
2025-10-04 10:02:51.036,4490.009654204389,ethereum,ETH
2025-10-04 11:02:24.469,4488.247831611037,ethereum,ETH
2025-10-04 12:00:20.456,4485.780361962754,ethereum,ETH
2025-10-04 13:02:26.573,4482.512136469661,ethereum,ETH
2025-10-04 14:01:41.358,4500.857811329213,ethereum,ETH
2025-10-04 15:00:16.398,4477.627805463369,ethereum,ETH
2025-10-04 16:02:25.006,4458.314587382666,ethereum,ETH
2025-10-04 17:01:51.469,4464.720805579729,ethereum,ETH
2025-10-04 18:02:28.419,4461.395365755264,ethereum,ETH
2025-10-04 19:02:27.438,4452.567767221704,ethereum,ETH
2025-10-04 20:02:51.781,4468.097675154539,ethereum,ETH
2025-10-04 21:02:04.113,4477.4813511217835,ethereum,ETH
2025-10-04 22:02:02.091,4486.272636078416,ethereum,ETH
2025-10-04 23:02:21.137,4491.457627059921,ethereum,ETH
2025-10-05 00:01:15.917,4488.802917459776,ethereum,ETH
2025-10-05 01:01:39.759,4472.29003748035,ethereum,ETH
2025-10-05 02:01:54.055,4488.502016771756,ethereum,ETH
2025-10-05 03:01:49.151,4558.682264016641,ethereum,ETH
2025-10-05 04:00:18.197,4543.779572457775,ethereum,ETH
2025-10-05 05:02:32.148,4578.838742153825,ethereum,ETH
2025-10-05 06:01:26.301,4568.077219836503,ethereum,ETH
2025-10-05 07:01:41.367,4561.333974777966,ethereum,ETH
2025-10-05 08:01:37.159,4607.969782593065,ethereum,ETH
2025-10-05 09:02:38.941,4586.691546837045,ethereum,ETH
2025-10-05 10:02:07.396,4558.99064906051,ethereum,ETH
2025-10-05 11:00:48.766,4543.185612555307,ethereum,ETH
2025-10-05 12:01:58.059,4553.804953785562,ethereum,ETH
2025-10-05 13:01:43.323,4536.602233630946,ethereum,ETH
2025-10-05 14:02:02.882,4536.534297696243,ethereum,ETH
2025-10-05 15:02:40.649,4535.365139003305,ethereum,ETH
2025-10-05 16:02:25.322,4532.56664864956,ethereum,ETH
2025-10-05 17:01:56.866,4518.313867786725,ethereum,ETH
2025-10-05 18:02:14.198,4507.246661447498,ethereum,ETH
2025-10-05 19:01:20.473,4519.530999996804,ethereum,ETH
2025-10-05 20:02:11.415,4489.908502006611,ethereum,ETH
2025-10-05 21:02:21.478,4504.124482687096,ethereum,ETH
2025-10-05 22:01:12.293,4506.871026792935,ethereum,ETH
2025-10-05 23:01:43.973,4510.190225212235,ethereum,ETH
2025-10-06 00:02:05.123,4515.321391965295,ethereum,ETH
2025-10-06 01:00:59.415,4499.431159893875,ethereum,ETH
2025-10-06 02:02:10.825,4529.113594340573,ethereum,ETH
2025-10-06 03:00:17.617,4538.0869890751,ethereum,ETH
2025-10-06 04:02:15.511,4534.914066844259,ethereum,ETH
2025-10-06 05:06:15.805,4522.236285821373,ethereum,ETH
2025-10-06 06:02:14.428,4528.671620899077,ethereum,ETH
2025-10-06 07:02:17.017,4558.303870715301,ethereum,ETH
2025-10-06 08:02:02.920,4532.384882690028,ethereum,ETH
2025-10-06 09:02:24.891,4562.375721769108,ethereum,ETH
2025-10-06 10:02:15.346,4577.537568992527,ethereum,ETH
2025-10-06 11:02:25.181,4574.697109789801,ethereum,ETH
2025-10-06 12:02:28.999,4572.618090498075,ethereum,ETH
2025-10-06 13:02:05.207,4580.2131200566755,ethereum,ETH
2025-10-06 14:01:44.682,4626.312787131179,ethereum,ETH
2025-10-06 15:06:26.984,4649.734622941543,ethereum,ETH
2025-10-06 16:00:56.637,4680.658676093778,ethereum,ETH
2025-10-06 17:02:27.537,4678.467501992121,ethereum,ETH
2025-10-06 18:02:43.672,4705.599848626491,ethereum,ETH
2025-10-06 19:02:05.955,4713.993653656764,ethereum,ETH
2025-10-06 20:06:13.363,4702.759730668934,ethereum,ETH
2025-10-06 21:01:55.630,4688.8542640722235,ethereum,ETH
2025-10-06 21:30:10.000,4689.576084786698,ethereum,ETH
2025-09-29 22:01:55.944,2.8937109635470484,ripple,XRP
2025-09-29 23:02:06.389,2.8894341915933928,ripple,XRP
2025-09-30 00:02:04.586,2.8820677870561946,ripple,XRP
2025-09-30 01:02:44.646,2.8803024460354085,ripple,XRP
2025-09-30 02:01:39.370,2.879944251664382,ripple,XRP
2025-09-30 03:02:16.784,2.8837629616024176,ripple,XRP
2025-09-30 04:01:47.395,2.8766926588240986,ripple,XRP
2025-09-30 05:01:39.446,2.881850182890677,ripple,XRP
2025-09-30 06:02:02.192,2.898970657335838,ripple,XRP
2025-09-30 07:02:07.896,2.9019174624925834,ripple,XRP
2025-09-30 08:00:45.290,2.875529122269455,ripple,XRP
2025-09-30 09:01:54.769,2.8568180127216563,ripple,XRP
2025-09-30 10:02:30.758,2.8415336545309993,ripple,XRP
2025-09-30 11:02:15.265,2.8435934603010193,ripple,XRP
2025-09-30 12:02:21.655,2.849116244166445,ripple,XRP
2025-09-30 13:02:05.626,2.8538591006491125,ripple,XRP
2025-09-30 14:02:11.246,2.8494842059049095,ripple,XRP
2025-09-30 15:01:42.833,2.845531526793506,ripple,XRP
2025-09-30 16:00:05.757,2.825310775505625,ripple,XRP
2025-09-30 17:01:29.367,2.8247487546616554,ripple,XRP
2025-09-30 18:00:37.063,2.829441670951589,ripple,XRP
2025-09-30 19:02:16.037,2.8389868245015024,ripple,XRP
2025-09-30 20:02:23.845,2.866396330418818,ripple,XRP
2025-09-30 21:02:06.736,2.8707173369805306,ripple,XRP
2025-09-30 22:02:03.440,2.860145175628511,ripple,XRP
2025-09-30 23:00:35.531,2.8455510259441548,ripple,XRP
2025-10-01 00:01:29.545,2.8461126408803876,ripple,XRP
2025-10-01 01:01:57.465,2.835075921038971,ripple,XRP
2025-10-01 02:02:20.061,2.8533550953013234,ripple,XRP
2025-10-01 03:02:04.688,2.8417708535353077,ripple,XRP
2025-10-01 04:01:22.782,2.8184070572022257,ripple,XRP
2025-10-01 05:01:12.160,2.8370365628322536,ripple,XRP
2025-10-01 06:01:53.106,2.8463884192054194,ripple,XRP
2025-10-01 07:06:48.710,2.8368533557404554,ripple,XRP
2025-10-01 08:02:11.536,2.8510860183326363,ripple,XRP
2025-10-01 09:01:43.895,2.896299027452584,ripple,XRP
2025-10-01 10:01:18.831,2.94293553926267,ripple,XRP
2025-10-01 11:00:24.396,2.931564469070292,ripple,XRP
2025-10-01 12:02:12.080,2.9420660029552086,ripple,XRP
2025-10-01 13:02:36.908,2.936614816170128,ripple,XRP
2025-10-01 14:02:24.848,2.9422320472336323,ripple,XRP
2025-10-01 15:02:17.062,2.9429801175399706,ripple,XRP
2025-10-01 16:01:45.185,2.9421989204070154,ripple,XRP
2025-10-01 17:02:32.222,2.9389423477670262,ripple,XRP
2025-10-01 18:01:53.629,2.9239270616990507,ripple,XRP
2025-10-01 19:01:41.709,2.937690429328833,ripple,XRP
2025-10-01 20:02:27.378,2.957364775162946,ripple,XRP
2025-10-01 21:06:18.559,2.9451484912537684,ripple,XRP
2025-10-01 22:02:06.804,2.930898051599941,ripple,XRP
2025-10-01 23:01:40.141,2.9317601781753084,ripple,XRP
2025-10-02 00:01:49.531,2.94479751207665,ripple,XRP
2025-10-02 01:02:35.139,2.9444156781809916,ripple,XRP
2025-10-02 02:02:06.969,2.9731988145467487,ripple,XRP
2025-10-02 03:00:18.989,2.975529846560038,ripple,XRP
2025-10-02 04:02:21.017,2.9714296326983063,ripple,XRP
2025-10-02 05:01:16.222,2.9670934058205933,ripple,XRP
2025-10-02 06:02:19.237,2.965932162083155,ripple,XRP
2025-10-02 07:02:17.994,2.979694198397668,ripple,XRP
2025-10-02 08:00:46.066,2.9704916899489726,ripple,XRP
2025-10-02 09:01:44.761,2.9875839530129387,ripple,XRP
2025-10-02 10:06:23.864,2.9841057299086047,ripple,XRP
2025-10-02 11:02:35.773,2.992184416939269,ripple,XRP
2025-10-02 12:02:18.266,2.986514170871633,ripple,XRP
2025-10-02 13:00:45.484,2.985488470774545,ripple,XRP
2025-10-02 14:00:27.661,2.986450714614058,ripple,XRP
2025-10-02 15:06:02.988,2.9578057333492067,ripple,XRP
2025-10-02 16:02:29.672,2.98340091137378,ripple,XRP
2025-10-02 17:03:05.663,3.048598331658714,ripple,XRP
2025-10-02 18:01:44.789,3.037506955330565,ripple,XRP
2025-10-02 19:02:02.535,3.0635746091733584,ripple,XRP
2025-10-02 20:01:47.559,3.0937380033357362,ripple,XRP
2025-10-02 21:01:09.235,3.05879722449463,ripple,XRP
2025-10-02 22:01:40.968,3.0430993787185865,ripple,XRP
2025-10-02 23:02:07.212,3.036917219026823,ripple,XRP
2025-10-03 00:01:50.896,3.0371524340279654,ripple,XRP
2025-10-03 01:05:59.420,3.0224211434214734,ripple,XRP
2025-10-03 02:06:30.234,3.0098403980388446,ripple,XRP
2025-10-03 03:02:01.760,3.0199456920951913,ripple,XRP
2025-10-03 04:02:04.432,3.0276013826762616,ripple,XRP
2025-10-03 05:02:02.458,3.0291532692755996,ripple,XRP
2025-10-03 06:01:49.896,3.0226592932599825,ripple,XRP
2025-10-03 07:01:49.196,3.0221129965752773,ripple,XRP
2025-10-03 08:02:21.639,3.0317200453800357,ripple,XRP
2025-10-03 09:02:28.892,3.0539820427293813,ripple,XRP
2025-10-03 10:04:02.867,3.041645752767028,ripple,XRP
2025-10-03 11:02:02.667,3.046423134976498,ripple,XRP
2025-10-03 12:01:28.613,3.0399900732271776,ripple,XRP
2025-10-03 13:01:09.326,3.025007141364406,ripple,XRP
2025-10-03 14:01:35.222,3.0268298336449577,ripple,XRP
2025-10-03 15:02:19.965,3.0457136949967185,ripple,XRP
2025-10-03 16:01:21.506,3.0705149923592847,ripple,XRP
2025-10-03 17:01:51.083,3.0781512709752525,ripple,XRP
2025-10-03 18:01:26.355,3.031736265160511,ripple,XRP
2025-10-03 19:01:41.383,3.045218847667879,ripple,XRP
2025-10-03 20:01:39.251,3.0364738369532027,ripple,XRP
2025-10-03 21:02:05.454,3.035905254647071,ripple,XRP
2025-10-03 22:02:07.149,3.0498908917194294,ripple,XRP
2025-10-03 23:01:45.813,3.0493408534596607,ripple,XRP
2025-10-04 00:03:20.347,3.0420483759329757,ripple,XRP
2025-10-04 01:06:09.200,3.0438245321350137,ripple,XRP
2025-10-04 02:04:41.186,3.024780294047812,ripple,XRP
2025-10-04 03:01:24.045,3.0225468582773147,ripple,XRP
2025-10-04 04:01:42.808,3.022153187548537,ripple,XRP
2025-10-04 05:02:21.849,3.019989205053489,ripple,XRP
2025-10-04 06:01:49.652,3.0230884301441705,ripple,XRP
2025-10-04 07:00:38.607,3.0273276654487455,ripple,XRP
2025-10-04 08:01:45.623,3.0205561287092113,ripple,XRP
2025-10-04 09:01:38.243,3.000968389313611,ripple,XRP
2025-10-04 10:02:46.268,2.9985594637469766,ripple,XRP
2025-10-04 11:02:26.622,2.9877037489485283,ripple,XRP
2025-10-04 12:02:06.718,2.991754473818444,ripple,XRP
2025-10-04 13:02:34.263,2.987222808653285,ripple,XRP
2025-10-04 14:01:34.200,2.9948677462974795,ripple,XRP
2025-10-04 15:00:15.570,2.971074706601895,ripple,XRP
2025-10-04 16:02:25.015,2.95596857921286,ripple,XRP
2025-10-04 17:02:04.279,2.94732257993381,ripple,XRP
2025-10-04 18:02:27.585,2.945964029769039,ripple,XRP
2025-10-04 19:02:28.272,2.943691820777977,ripple,XRP
2025-10-04 20:02:34.405,2.946820119459399,ripple,XRP
2025-10-04 21:01:17.285,2.950214156732987,ripple,XRP
2025-10-04 22:01:58.682,2.961242362700296,ripple,XRP
2025-10-04 23:02:02.111,2.971030591620178,ripple,XRP
2025-10-05 00:00:38.953,2.9693592464231773,ripple,XRP
2025-10-05 01:01:27.415,2.9587328264283848,ripple,XRP
2025-10-05 02:01:47.450,2.964953147485613,ripple,XRP
2025-10-05 03:01:29.157,3.0025690603114352,ripple,XRP
2025-10-05 04:01:36.920,3.0162644681356414,ripple,XRP
2025-10-05 05:02:32.221,3.0387892495927944,ripple,XRP
2025-10-05 06:01:26.617,3.032933909666598,ripple,XRP
2025-10-05 07:01:38.901,3.0352449891616473,ripple,XRP
2025-10-05 08:01:31.098,3.0638625830748554,ripple,XRP
2025-10-05 09:01:15.069,3.049103588823067,ripple,XRP
2025-10-05 10:01:41.386,3.026036127058722,ripple,XRP
2025-10-05 11:00:44.234,3.0168414416396048,ripple,XRP
2025-10-05 12:01:28.023,3.0220253417300005,ripple,XRP
2025-10-05 13:01:56.109,3.011036163708877,ripple,XRP
2025-10-05 14:01:46.183,3.0047549345875497,ripple,XRP
2025-10-05 15:02:42.611,2.992600635459617,ripple,XRP
2025-10-05 16:01:57.029,3.013147060855004,ripple,XRP
2025-10-05 17:01:57.718,2.9937570394508226,ripple,XRP
2025-10-05 18:02:16.868,2.9861841384355228,ripple,XRP
2025-10-05 19:01:20.042,2.976316430499391,ripple,XRP
2025-10-05 20:01:59.394,2.9538628847425668,ripple,XRP
2025-10-05 21:02:19.081,2.972777490931565,ripple,XRP
2025-10-05 22:02:31.702,2.9752786572060708,ripple,XRP
2025-10-05 23:00:13.657,2.9664216973242152,ripple,XRP
2025-10-06 00:02:27.927,2.970720012302302,ripple,XRP
2025-10-06 01:00:25.087,2.960630728911073,ripple,XRP
2025-10-06 02:02:10.627,2.978617660203655,ripple,XRP
2025-10-06 03:01:34.515,2.9821885607064873,ripple,XRP
2025-10-06 04:02:03.700,2.9775208635208243,ripple,XRP
2025-10-06 05:06:46.689,2.967919708007399,ripple,XRP
2025-10-06 06:01:42.207,2.9729674666316126,ripple,XRP
2025-10-06 07:02:16.891,2.989533750089897,ripple,XRP
2025-10-06 08:01:45.974,2.9716556326730226,ripple,XRP
2025-10-06 09:02:25.042,2.9898528849463593,ripple,XRP
2025-10-06 10:02:19.540,2.9931166951598507,ripple,XRP
2025-10-06 11:02:28.606,2.995150107242896,ripple,XRP
2025-10-06 12:02:25.693,2.997070239676203,ripple,XRP
2025-10-06 13:02:12.071,3.001600910958779,ripple,XRP
2025-10-06 14:01:16.487,3.006849508269958,ripple,XRP
2025-10-06 15:04:31.912,2.9964624838298186,ripple,XRP
2025-10-06 16:00:56.222,3.0350030894326983,ripple,XRP
2025-10-06 17:02:08.425,3.0292757270655075,ripple,XRP
2025-10-06 18:01:27.770,3.040259400652978,ripple,XRP
2025-10-06 19:00:10.420,3.0450500732368537,ripple,XRP
2025-10-06 20:05:55.256,3.0277177298165983,ripple,XRP
2025-10-06 21:02:43.569,3.009996404984756,ripple,XRP
2025-10-06 21:30:32.000,3.0063155803593085,ripple,XRP
2025-09-29 22:01:25.088,1.0004763016090892,tether,USDT
2025-09-29 23:02:06.554,1.0004495443373214,tether,USDT
2025-09-30 00:01:52.242,1.0005010520102045,tether,USDT
2025-09-30 01:01:54.779,1.0005155882648369,tether,USDT
2025-09-30 02:02:03.743,1.0005453757426013,tether,USDT
2025-09-30 03:02:18.435,1.0005179153340509,tether,USDT
2025-09-30 04:01:38.181,1.0004516239479906,tether,USDT
2025-09-30 05:01:25.255,1.0004109064416409,tether,USDT
2025-09-30 06:02:02.099,1.0004414429611919,tether,USDT
2025-09-30 07:02:13.002,1.000455741436564,tether,USDT
2025-09-30 08:01:19.423,1.0003537570894447,tether,USDT
2025-09-30 09:02:14.645,1.0003408541527041,tether,USDT
2025-09-30 10:02:33.205,1.0003149386912051,tether,USDT
2025-09-30 11:02:12.808,1.0002819173638646,tether,USDT
2025-09-30 12:01:45.168,1.0003192028057952,tether,USDT
2025-09-30 13:01:36.575,1.0002879100817288,tether,USDT
2025-09-30 14:02:15.909,1.0002923359487992,tether,USDT
2025-09-30 15:02:22.304,1.0001837852057862,tether,USDT
2025-09-30 16:02:24.869,1.0001302689670977,tether,USDT
2025-09-30 17:01:38.835,1.000026262119276,tether,USDT
2025-09-30 18:01:50.065,1.000040383119324,tether,USDT
2025-09-30 19:02:14.263,0.9999862504117687,tether,USDT
2025-09-30 20:02:17.972,1.000054642053784,tether,USDT
2025-09-30 21:01:28.984,1.0000415269388037,tether,USDT
2025-09-30 22:01:59.234,1.0000616800773092,tether,USDT
2025-09-30 23:01:42.088,1.000042239822651,tether,USDT
2025-10-01 00:01:35.896,1.0000249949916378,tether,USDT
2025-10-01 01:01:55.728,1.0000991274546445,tether,USDT
2025-10-01 02:00:22.962,1.0000554582319896,tether,USDT
2025-10-01 03:02:12.289,1.0000814185756068,tether,USDT
2025-10-01 04:01:30.303,1.0001388690854824,tether,USDT
2025-10-01 05:00:28.282,1.0000777818304816,tether,USDT
2025-10-01 06:02:20.135,1.0001118503776758,tether,USDT
2025-10-01 07:06:52.533,1.000038757217645,tether,USDT
2025-10-01 08:02:06.323,1.0000891969160293,tether,USDT
2025-10-01 09:01:44.774,1.0000076792321952,tether,USDT
2025-10-01 10:02:11.967,1.0002171904044639,tether,USDT
2025-10-01 11:02:45.847,1.0002585579165038,tether,USDT
2025-10-01 12:02:38.453,1.0002724903044071,tether,USDT
2025-10-01 13:00:52.956,1.000320464200956,tether,USDT
2025-10-01 14:02:25.247,1.0004123859774154,tether,USDT
2025-10-01 15:01:54.184,1.0005600119396407,tether,USDT
2025-10-01 16:01:46.654,1.0005291472496698,tether,USDT
2025-10-01 17:02:13.713,1.000571079833653,tether,USDT
2025-10-01 18:00:55.557,1.0005012258062924,tether,USDT
2025-10-01 19:01:39.237,1.0004337722809638,tether,USDT
2025-10-01 20:02:05.747,1.0003905413975647,tether,USDT
2025-10-01 21:06:16.350,1.0004507918095344,tether,USDT
2025-10-01 22:02:02.973,1.0004339990940228,tether,USDT
2025-10-01 23:01:15.291,1.0004470595100663,tether,USDT
2025-10-02 00:01:38.390,1.000462448524064,tether,USDT
2025-10-02 01:02:35.586,1.0004518386129009,tether,USDT
2025-10-02 02:02:14.864,1.0004371150361955,tether,USDT
2025-10-02 03:01:21.801,1.0004058448516244,tether,USDT
2025-10-02 04:02:20.835,1.0004091760423932,tether,USDT
2025-10-02 05:01:47.349,1.0003950216040303,tether,USDT
2025-10-02 06:00:45.758,1.0005053852865,tether,USDT
2025-10-02 07:02:00.807,1.0004014596233495,tether,USDT
2025-10-02 08:01:23.717,1.0004427200136534,tether,USDT
2025-10-02 09:02:11.071,1.000419820989396,tether,USDT
2025-10-02 10:06:39.413,1.0004495398231548,tether,USDT
2025-10-02 11:02:26.754,1.0004655319705342,tether,USDT
2025-10-02 12:02:11.131,1.0004361830550192,tether,USDT
2025-10-02 13:02:14.277,1.0004262427396196,tether,USDT
2025-10-02 14:04:27.906,1.0005249076560154,tether,USDT
2025-10-02 15:06:07.701,1.0005439403211245,tether,USDT
2025-10-02 16:02:27.291,1.0005668352610324,tether,USDT
2025-10-02 17:03:05.015,1.000623902143305,tether,USDT
2025-10-02 18:01:52.304,1.0005332311722743,tether,USDT
2025-10-02 19:02:08.803,1.0004142191066268,tether,USDT
2025-10-02 20:02:00.910,1.00052123859332,tether,USDT
2025-10-02 21:01:16.169,1.0004474221055026,tether,USDT
2025-10-02 22:00:45.041,1.000471940599011,tether,USDT
2025-10-02 23:02:08.296,1.0005430433442266,tether,USDT
2025-10-03 00:02:36.322,1.000503503415681,tether,USDT
2025-10-03 01:05:00.017,1.0005428669399221,tether,USDT
2025-10-03 02:06:31.118,1.0005844471919774,tether,USDT
2025-10-03 03:01:58.142,1.0005359857311507,tether,USDT
2025-10-03 04:01:59.771,1.0005495271166651,tether,USDT
2025-10-03 05:02:05.062,1.0006378655337351,tether,USDT
2025-10-03 06:02:06.558,1.000525450216436,tether,USDT
2025-10-03 07:00:30.159,1.0004721141235475,tether,USDT
2025-10-03 08:01:50.703,1.0005589780767272,tether,USDT
2025-10-03 09:02:20.008,1.0006179365083,tether,USDT
2025-10-03 10:01:08.802,1.0005633962101528,tether,USDT
2025-10-03 11:01:16.481,1.0005270492891725,tether,USDT
2025-10-03 12:02:28.340,1.0005230616827236,tether,USDT
2025-10-03 13:01:10.185,1.0006585294205537,tether,USDT
2025-10-03 14:01:13.133,1.0006859769402487,tether,USDT
2025-10-03 15:01:47.358,1.0006320675453602,tether,USDT
2025-10-03 16:02:25.318,1.000682049698234,tether,USDT
2025-10-03 17:00:20.721,1.0005936061975584,tether,USDT
2025-10-03 18:01:30.134,1.0004390940970445,tether,USDT
2025-10-03 19:00:51.093,1.000471539708356,tether,USDT
2025-10-03 20:01:59.856,1.000493835644949,tether,USDT
2025-10-03 21:01:55.194,1.0005737405443946,tether,USDT
2025-10-03 22:01:51.001,1.000574566656778,tether,USDT
2025-10-03 23:01:47.754,1.000546985955711,tether,USDT
2025-10-04 00:03:31.739,1.0005406899735831,tether,USDT
2025-10-04 01:05:25.501,1.0006061449012569,tether,USDT
2025-10-04 02:05:55.242,1.000619551754785,tether,USDT
2025-10-04 03:01:42.371,1.0006135035113037,tether,USDT
2025-10-04 04:00:39.613,1.0006055627499661,tether,USDT
2025-10-04 05:02:07.354,1.0006013748114375,tether,USDT
2025-10-04 06:01:49.859,1.0006636976902148,tether,USDT
2025-10-04 07:00:22.031,1.0004973300733957,tether,USDT
2025-10-04 08:01:43.109,1.0004329151315288,tether,USDT
2025-10-04 09:01:33.121,1.000409597416059,tether,USDT
2025-10-04 10:02:29.741,1.000459315528961,tether,USDT
2025-10-04 11:02:25.643,1.0003943562361255,tether,USDT
2025-10-04 12:02:12.554,1.000399884862975,tether,USDT
2025-10-04 13:01:39.976,1.0003560642438,tether,USDT
2025-10-04 14:02:01.791,1.0005046921459455,tether,USDT
2025-10-04 15:02:03.760,1.0003992359684224,tether,USDT
2025-10-04 16:02:07.382,1.0004419747670734,tether,USDT
2025-10-04 17:01:57.263,1.0004354878095265,tether,USDT
2025-10-04 18:01:36.958,1.0004133152319798,tether,USDT
2025-10-04 19:02:25.438,1.0004277273993878,tether,USDT
2025-10-04 20:01:13.732,1.0003868892264258,tether,USDT
2025-10-04 21:00:05.644,1.0003732462051202,tether,USDT
2025-10-04 22:01:07.651,1.00038137871556,tether,USDT
2025-10-04 23:02:25.515,1.000374421845125,tether,USDT
2025-10-05 00:01:37.134,1.0003775279421727,tether,USDT
2025-10-05 01:01:00.507,1.0003769334957633,tether,USDT
2025-10-05 02:00:07.024,1.0003729801386225,tether,USDT
2025-10-05 03:01:38.022,1.0002704438077274,tether,USDT
2025-10-05 04:02:33.739,1.0002818416657966,tether,USDT
2025-10-05 05:01:41.291,1.0003054092377897,tether,USDT
2025-10-05 06:01:08.066,1.0000369208468236,tether,USDT
2025-10-05 07:01:37.042,1.00007151651959,tether,USDT
2025-10-05 08:01:37.657,1.000196344459361,tether,USDT
2025-10-05 09:01:40.630,1.0000910579339573,tether,USDT
2025-10-05 10:01:31.897,1.0000713365230658,tether,USDT
2025-10-05 11:01:04.335,1.000049880413749,tether,USDT
2025-10-05 12:01:30.824,1.0000887084191767,tether,USDT
2025-10-05 13:01:37.648,1.0001148098858648,tether,USDT
2025-10-05 14:01:09.747,1.0001179042150194,tether,USDT
2025-10-05 15:01:29.447,1.0001775835350541,tether,USDT
2025-10-05 16:02:13.064,1.000143150057989,tether,USDT
2025-10-05 17:00:35.616,1.0001387289076298,tether,USDT
2025-10-05 18:02:19.211,1.0001702795660197,tether,USDT
2025-10-05 19:01:25.696,1.0001434409939454,tether,USDT
2025-10-05 20:01:09.456,1.0001519034153945,tether,USDT
2025-10-05 21:02:25.964,1.0002054751779332,tether,USDT
2025-10-05 22:02:30.622,1.0001934237705374,tether,USDT
2025-10-05 23:02:46.028,1.0001527540535349,tether,USDT
2025-10-06 00:02:36.994,1.0002063425022278,tether,USDT
2025-10-06 01:00:26.709,1.0002658798445083,tether,USDT
2025-10-06 02:02:10.945,1.0003153136812353,tether,USDT
2025-10-06 03:01:34.896,1.0003728370927225,tether,USDT
2025-10-06 04:02:01.325,1.0003527090851059,tether,USDT
2025-10-06 05:05:56.325,1.0003553561914553,tether,USDT
2025-10-06 06:01:05.507,1.000206522724264,tether,USDT
2025-10-06 07:02:13.614,1.0001472490598977,tether,USDT
2025-10-06 08:02:00.666,1.000254119104956,tether,USDT
2025-10-06 09:02:23.202,1.000253659471938,tether,USDT
2025-10-06 10:02:15.441,1.0003402382846294,tether,USDT
2025-10-06 11:02:23.995,1.0002880491538788,tether,USDT
2025-10-06 12:02:25.776,1.0003749159821742,tether,USDT
2025-10-06 13:01:03.165,1.0001866434404583,tether,USDT
2025-10-06 14:01:43.246,1.0002548944565288,tether,USDT
2025-10-06 15:01:30.565,1.0003600806639592,tether,USDT
2025-10-06 16:02:30.418,1.0003191146093253,tether,USDT
2025-10-06 17:02:26.366,1.0004159918575601,tether,USDT
2025-10-06 18:02:38.568,1.000409754067563,tether,USDT
2025-10-06 19:01:31.951,1.0005501502700642,tether,USDT
2025-10-06 20:05:54.865,1.0004671631651416,tether,USDT
2025-10-06 21:01:18.932,1.0002782899808533,tether,USDT
2025-10-06 21:30:56.000,1.0003297518889376,tether,USDT
2025-09-29 22:02:07.505,1029.4807992072467,binancecoin,BNB
2025-09-29 23:02:06.320,1035.6134035589516,binancecoin,BNB
2025-09-30 00:01:54.668,1030.030963111487,binancecoin,BNB
2025-09-30 01:01:55.536,1028.5751476318237,binancecoin,BNB
2025-09-30 02:01:25.966,1025.9547240577672,binancecoin,BNB
2025-09-30 03:02:19.212,1023.6883254629132,binancecoin,BNB
2025-09-30 04:01:13.233,1024.6156462269232,binancecoin,BNB
2025-09-30 05:01:20.511,1025.848419325148,binancecoin,BNB
2025-09-30 06:01:34.294,1024.300576600952,binancecoin,BNB
2025-09-30 07:02:12.250,1026.893508295327,binancecoin,BNB
2025-09-30 08:00:39.501,1019.9941309813646,binancecoin,BNB
2025-09-30 09:01:51.896,1020.5760667872916,binancecoin,BNB
2025-09-30 10:02:26.435,1009.5377456594379,binancecoin,BNB
2025-09-30 11:01:54.289,1010.2505602905705,binancecoin,BNB
2025-09-30 12:01:29.678,1014.884329445896,binancecoin,BNB
2025-09-30 13:02:05.648,1010.3728416184548,binancecoin,BNB
2025-09-30 14:02:11.426,1007.5629573092602,binancecoin,BNB
2025-09-30 15:00:57.668,1004.7633018943418,binancecoin,BNB
2025-09-30 16:02:24.058,997.3444640928623,binancecoin,BNB
2025-09-30 17:01:53.049,999.6031602670641,binancecoin,BNB
2025-09-30 18:02:02.096,1001.9891588633052,binancecoin,BNB
2025-09-30 19:01:21.690,1003.1060753815112,binancecoin,BNB
2025-09-30 20:02:03.603,1008.2554335059045,binancecoin,BNB
2025-09-30 21:01:15.266,1008.6608182268201,binancecoin,BNB
2025-09-30 22:01:58.763,1005.858889751055,binancecoin,BNB
2025-09-30 23:02:57.171,1001.9734068953471,binancecoin,BNB
2025-10-01 00:02:15.876,1008.9225311714104,binancecoin,BNB
2025-10-01 01:01:12.996,1012.2229332778435,binancecoin,BNB
2025-10-01 02:00:36.493,1014.2540349690862,binancecoin,BNB
2025-10-01 03:01:53.893,1009.3237735516593,binancecoin,BNB
2025-10-01 04:01:06.619,1005.1213145220952,binancecoin,BNB
2025-10-01 05:02:01.866,1010.1367288597086,binancecoin,BNB
2025-10-01 06:01:37.475,1011.2604587320881,binancecoin,BNB
2025-10-01 07:06:49.186,1009.705394307994,binancecoin,BNB
2025-10-01 08:01:09.165,1010.0802807921153,binancecoin,BNB
2025-10-01 09:02:29.472,1022.0225674390081,binancecoin,BNB
2025-10-01 10:01:32.038,1033.2668465156464,binancecoin,BNB
2025-10-01 11:00:21.253,1027.9410847935633,binancecoin,BNB
2025-10-01 12:01:03.111,1024.142447492233,binancecoin,BNB
2025-10-01 13:01:25.037,1018.3984709473012,binancecoin,BNB
2025-10-01 14:02:20.661,1024.1559371213807,binancecoin,BNB
2025-10-01 15:02:30.718,1023.2511038499302,binancecoin,BNB
2025-10-01 16:01:41.980,1019.8820364518833,binancecoin,BNB
2025-10-01 17:02:03.050,1021.5902890967897,binancecoin,BNB
2025-10-01 18:02:04.696,1020.9445170018038,binancecoin,BNB
2025-10-01 19:01:15.496,1020.5973675650407,binancecoin,BNB
2025-10-01 20:02:17.126,1020.6627210284662,binancecoin,BNB
2025-10-01 21:06:18.983,1022.276478755522,binancecoin,BNB
2025-10-01 22:01:49.743,1020.4547585681019,binancecoin,BNB
2025-10-01 23:01:33.176,1021.8925048432191,binancecoin,BNB
2025-10-02 00:02:20.722,1025.8187850123247,binancecoin,BNB
2025-10-02 01:02:49.104,1024.4444201644933,binancecoin,BNB
2025-10-02 02:02:08.102,1033.4829383292413,binancecoin,BNB
2025-10-02 03:03:27.083,1035.0754170595371,binancecoin,BNB
2025-10-02 04:02:20.352,1031.5089109525732,binancecoin,BNB
2025-10-02 05:01:36.470,1030.7762423944828,binancecoin,BNB
2025-10-02 06:02:06.419,1031.1802493292346,binancecoin,BNB
2025-10-02 07:01:55.647,1038.1932444509382,binancecoin,BNB
2025-10-02 08:01:41.901,1036.6766067628603,binancecoin,BNB
2025-10-02 09:02:07.273,1034.6396011100433,binancecoin,BNB
2025-10-02 10:06:39.526,1041.6972421605478,binancecoin,BNB
2025-10-02 11:02:16.869,1044.424346353631,binancecoin,BNB
2025-10-02 12:02:14.596,1049.5278366604298,binancecoin,BNB
2025-10-02 13:01:29.004,1060.623969933343,binancecoin,BNB
2025-10-02 14:07:16.973,1055.7721026448135,binancecoin,BNB
2025-10-02 15:06:39.310,1045.118436883457,binancecoin,BNB
2025-10-02 16:02:27.793,1054.838381180043,binancecoin,BNB
2025-10-02 17:03:03.864,1060.438128099398,binancecoin,BNB
2025-10-02 18:01:55.615,1059.9915855421646,binancecoin,BNB
2025-10-02 19:02:12.231,1067.6292112086992,binancecoin,BNB
2025-10-02 20:01:49.649,1074.2935408008893,binancecoin,BNB
2025-10-02 21:02:19.108,1080.3942447170225,binancecoin,BNB
2025-10-02 22:01:44.196,1079.5104347369602,binancecoin,BNB
2025-10-02 23:02:09.176,1088.9528007590745,binancecoin,BNB
2025-10-03 00:01:01.412,1091.1637602211783,binancecoin,BNB
2025-10-03 01:05:56.703,1088.1689002643743,binancecoin,BNB
2025-10-03 02:06:15.994,1090.1124514624728,binancecoin,BNB
2025-10-03 03:01:16.812,1096.9844489860109,binancecoin,BNB
2025-10-03 04:02:04.494,1109.1995886421762,binancecoin,BNB
2025-10-03 05:00:52.189,1099.0407154758773,binancecoin,BNB
2025-10-03 06:01:25.706,1095.0435513850127,binancecoin,BNB
2025-10-03 07:01:22.998,1092.0205244103606,binancecoin,BNB
2025-10-03 08:02:18.251,1085.8915597617843,binancecoin,BNB
2025-10-03 09:02:25.857,1096.7922755359027,binancecoin,BNB
2025-10-03 10:03:00.921,1108.9044047296054,binancecoin,BNB
2025-10-03 11:01:54.277,1108.0767685525655,binancecoin,BNB
2025-10-03 12:00:18.074,1106.8902416558985,binancecoin,BNB
2025-10-03 13:00:41.662,1107.8266468675652,binancecoin,BNB
2025-10-03 14:01:34.392,1136.7134922113503,binancecoin,BNB
2025-10-03 15:01:31.544,1141.746677889861,binancecoin,BNB
2025-10-03 16:02:30.123,1158.3641977562222,binancecoin,BNB
2025-10-03 17:01:20.091,1156.6921283522881,binancecoin,BNB
2025-10-03 18:00:22.460,1136.3532738499653,binancecoin,BNB
2025-10-03 19:01:19.804,1172.7278126480405,binancecoin,BNB
2025-10-03 20:01:56.656,1170.6483651845776,binancecoin,BNB
2025-10-03 21:02:05.761,1171.5881397913477,binancecoin,BNB
2025-10-03 22:02:05.761,1176.9568191741027,binancecoin,BNB
2025-10-03 23:01:50.844,1189.9367266928984,binancecoin,BNB
2025-10-04 00:05:37.929,1187.6628391538547,binancecoin,BNB
2025-10-04 01:06:11.245,1176.875034538998,binancecoin,BNB
2025-10-04 02:04:04.943,1171.519745937674,binancecoin,BNB
2025-10-04 03:01:55.551,1176.8145962863957,binancecoin,BNB
2025-10-04 04:01:46.604,1171.4109285396207,binancecoin,BNB
2025-10-04 05:00:31.299,1174.5575966145575,binancecoin,BNB
2025-10-04 06:01:30.255,1177.4698850971827,binancecoin,BNB
2025-10-04 07:02:08.169,1174.3302032320908,binancecoin,BNB
2025-10-04 08:01:34.882,1166.8173333130417,binancecoin,BNB
2025-10-04 09:01:52.149,1157.3253534211108,binancecoin,BNB
2025-10-04 10:02:21.921,1150.5677357758766,binancecoin,BNB
2025-10-04 11:02:23.396,1148.9531354964922,binancecoin,BNB
2025-10-04 12:00:57.219,1153.2800110859948,binancecoin,BNB
2025-10-04 13:02:34.231,1144.383032498221,binancecoin,BNB
2025-10-04 14:01:27.091,1147.656849517361,binancecoin,BNB
2025-10-04 15:02:03.355,1148.7766153244952,binancecoin,BNB
2025-10-04 16:02:02.862,1144.822551698216,binancecoin,BNB
2025-10-04 17:01:54.876,1140.9845395433695,binancecoin,BNB
2025-10-04 18:02:03.397,1148.547015116901,binancecoin,BNB
2025-10-04 19:01:12.730,1144.1413066241312,binancecoin,BNB
2025-10-04 20:01:14.855,1147.7021890879853,binancecoin,BNB
2025-10-04 21:00:09.181,1147.4565728111006,binancecoin,BNB
2025-10-04 22:01:54.204,1152.7544385964834,binancecoin,BNB
2025-10-04 23:01:37.295,1147.6471255741576,binancecoin,BNB
2025-10-05 00:01:39.182,1150.9753756548537,binancecoin,BNB
2025-10-05 01:01:44.921,1147.5605737316012,binancecoin,BNB
2025-10-05 02:01:46.949,1149.75743279206,binancecoin,BNB
2025-10-05 03:00:33.572,1162.7128649501585,binancecoin,BNB
2025-10-05 04:02:34.170,1164.1085811028925,binancecoin,BNB
2025-10-05 05:02:14.642,1184.2531411457205,binancecoin,BNB
2025-10-05 06:01:24.719,1178.3793481465573,binancecoin,BNB
2025-10-05 07:01:46.936,1168.2728087498579,binancecoin,BNB
2025-10-05 08:00:57.836,1178.8779264688,binancecoin,BNB
2025-10-05 09:00:55.129,1174.4430044099345,binancecoin,BNB
2025-10-05 10:01:32.394,1163.0401808618963,binancecoin,BNB
2025-10-05 11:01:25.358,1162.9199666343306,binancecoin,BNB
2025-10-05 12:01:53.094,1166.0096882142168,binancecoin,BNB
2025-10-05 13:00:23.150,1169.5191764678848,binancecoin,BNB
2025-10-05 14:01:56.009,1163.0797765451127,binancecoin,BNB
2025-10-05 15:00:14.634,1161.6098794437178,binancecoin,BNB
2025-10-05 16:01:40.931,1158.6315463024125,binancecoin,BNB
2025-10-05 17:01:53.106,1162.4075698355434,binancecoin,BNB
2025-10-05 18:02:11.125,1163.1892162195297,binancecoin,BNB
2025-10-05 19:01:21.479,1159.6204242401307,binancecoin,BNB
2025-10-05 20:01:52.543,1150.283073001223,binancecoin,BNB
2025-10-05 21:02:22.290,1157.0527881363644,binancecoin,BNB
2025-10-05 22:02:30.167,1159.9034528726927,binancecoin,BNB
2025-10-05 23:01:35.440,1161.7986513781143,binancecoin,BNB
2025-10-06 00:01:44.460,1165.4778023162069,binancecoin,BNB
2025-10-06 01:00:18.451,1167.8530297050188,binancecoin,BNB
2025-10-06 02:01:55.804,1178.442283261058,binancecoin,BNB
2025-10-06 03:01:51.550,1179.626480665951,binancecoin,BNB
2025-10-06 04:02:13.795,1182.037642874667,binancecoin,BNB
2025-10-06 05:00:37.474,1183.881626909077,binancecoin,BNB
2025-10-06 06:01:09.645,1192.3724741352075,binancecoin,BNB
2025-10-06 07:02:14.851,1208.9304563789601,binancecoin,BNB
2025-10-06 08:02:02.874,1197.7590349936634,binancecoin,BNB
2025-10-06 09:02:25.306,1211.6980239912427,binancecoin,BNB
2025-10-06 10:02:14.352,1217.470598589495,binancecoin,BNB
2025-10-06 11:02:41.333,1214.539780189328,binancecoin,BNB
2025-10-06 12:02:28.886,1220.9400339026413,binancecoin,BNB
2025-10-06 13:01:54.647,1236.8363435114206,binancecoin,BNB
2025-10-06 14:01:51.289,1226.5893121359286,binancecoin,BNB
2025-10-06 15:07:02.060,1213.4632656433635,binancecoin,BNB
2025-10-06 16:01:11.248,1221.9546015222522,binancecoin,BNB
2025-10-06 17:02:27.496,1223.8287794696212,binancecoin,BNB
2025-10-06 18:02:39.661,1220.9835171284233,binancecoin,BNB
2025-10-06 19:01:29.706,1218.9651325154794,binancecoin,BNB
2025-10-06 20:06:12.760,1225.9883782955596,binancecoin,BNB
2025-10-06 21:02:27.728,1222.4087976287094,binancecoin,BNB
2025-10-06 21:31:22.000,1225.5610875606571,binancecoin,BNB
